{"nodes": {"s3": {"ports": {"s3-eth4": {"ifindex": "3070", "name": "s3-eth4"}, "s3-eth3": {"ifindex": "3068", "name": "s3-eth3"}, "s3-eth2": {"ifindex": "3080", "name": "s3-eth2"}, "s3-eth1": {"ifindex": "3076", "name": "s3-eth1"}}, "tag": "edge", "name": "s3", "agent": "192.168.1.102", "dpid": "0000000000000003"}, "s2": {"ports": {"s2-eth1": {"ifindex": "3081", "name": "s2-eth1"}, "s2-eth2": {"ifindex": "3083", "name": "s2-eth2"}}, "name": "s2", "agent": "192.168.1.102", "dpid": "0000000000000002"}, "s1": {"ports": {"s1-eth1": {"ifindex": "3077", "name": "s1-eth1"}, "s1-eth2": {"ifindex": "3079", "name": "s1-eth2"}}, "name": "s1", "agent": "192.168.1.102", "dpid": "0000000000000001"}, "s4": {"ports": {"s4-eth2": {"ifindex": "3082", "name": "s4-eth2"}, "s4-eth3": {"ifindex": "3072", "name": "s4-eth3"}, "s4-eth1": {"ifindex": "3078", "name": "s4-eth1"}, "s4-eth4": {"ifindex": "3074", "name": "s4-eth4"}}, "tag": "edge", "name": "s4", "agent": "192.168.1.102", "dpid": "0000000000000004"}}, "links": {"s1-s3": {"ifindex1": "3077", "ifindex2": "3076", "node1": "s1", "node2": "s3", "port2": "s3-eth1", "port1": "s1-eth1"}, "s2-s3": {"ifindex1": "3081", "ifindex2": "3080", "node1": "s2", "node2": "s3", "port2": "s3-eth2", "port1": "s2-eth1"}, "s2-s4": {"ifindex1": "3083", "ifindex2": "3082", "node1": "s2", "node2": "s4", "port2": "s4-eth2", "port1": "s2-eth2"}, "s1-s4": {"ifindex1": "3079", "ifindex2": "3078", "node1": "s1", "node2": "s4", "port2": "s4-eth1", "port1": "s1-eth2"}}}